xanim,mw3_desert_eagle_pullout_fixed,,
xanim,ndr_barret_acog_ads_down,,
xanim,ndr_barret_acog_ads_fire,,
xanim,ndr_barret_acog_ads_up,,
xanim,ndr_barret_ads_down,,
xanim,ndr_barret_ads_up,,
xanim,ndr_barret_fire,,
xanim,ndr_barret_idle,,
xanim,ndr_barret_pullout,,
xanim,ndr_barret_putaway,,
xanim,ndr_barret_reload,,
xanim,ndr_barret_reload_empty,,
xanim,ndr_barret_sprint_in,,
xanim,ndr_barret_sprint_loop,,
xanim,ndr_barret_sprint_out,,
xanim,pb_crouchrun_death_crumple,,
xanim,pb_crouchrun_death_drop,,
xanim,pb_crouch_death_clutchchest,,
xanim,pb_crouch_death_falltohands,,
xanim,pb_crouch_death_fetal,,
xanim,pb_crouch_death_flip,,
xanim,pb_crouch_death_headshot_front,,
xanim,pb_death_run_back,,
xanim,pb_death_run_forward_crumple,,
xanim,pb_death_run_left,,
xanim,pb_death_run_onfront,,
xanim,pb_death_run_right,,
xanim,pb_death_run_stumble,,
xanim,pb_stand_death_frontspin,,
xanim,pb_stand_death_headchest_topple,,
xanim,pb_stand_death_head_collapse,,
xanim,pb_stand_death_legs,,
xanim,pb_stand_death_lowerback,,
xanim,pb_stand_death_neckdeath,,
xanim,pb_stand_death_neckdeath_thrash,,
xanim,pb_stand_death_nervedeath,,
xanim,pb_stand_death_spin,,
xanim,viewmodel_ak47_ADS_down,,
xanim,viewmodel_ak47_ADS_up,,
xanim,viewmodel_ak47_fire,,
xanim,viewmodel_ak47_fire_ads,,
xanim,viewmodel_ak47_first_time_pullout,,
xanim,viewmodel_ak47_idle,,
xanim,viewmodel_ak47_pullout,,
xanim,viewmodel_ak47_pullout_quick,,
xanim,viewmodel_ak47_putaway,,
xanim,viewmodel_ak47_putaway_quick,,
xanim,viewmodel_ak47_reload,,
xanim,viewmodel_ak47_reload_empty,,
xanim,viewmodel_ak47_sprint_in,,
xanim,viewmodel_ak47_sprint_loop,,
xanim,viewmodel_ak47_sprint_out,,
xanim,viewmodel_as50_ads_acog_fire,,
xanim,viewmodel_as50_ads_down,,
xanim,viewmodel_as50_ads_up,,
xanim,viewmodel_as50_fire,,
xanim,viewmodel_as50_idle,,
xanim,viewmodel_as50_pullout,,
xanim,viewmodel_as50_pullout_quick,,
xanim,viewmodel_as50_putaway,,
xanim,viewmodel_as50_putaway_quick,,
xanim,viewmodel_as50_reload,,
xanim,viewmodel_as50_reload_empty,,
xanim,viewmodel_as50_sprint_in,,
xanim,viewmodel_as50_sprint_loop,,
xanim,viewmodel_as50_sprint_out,,
xanim,viewmodel_bo2_knife_idle,,
xanim,viewmodel_bo2_knife_pullout,,
xanim,viewmodel_bo2_knife_putaway,,
xanim,viewmodel_bo2_knife_sprint_in,,
xanim,viewmodel_bo2_knife_sprint_loop,,
xanim,viewmodel_bo2_knife_sprint_out,,
xanim,viewmodel_bo2_knife_stab,,
xanim,viewmodel_bo2_knife_swipe,,
xanim,viewmodel_cheytac_ads_down,,
xanim,viewmodel_cheytac_ads_fire,,
xanim,viewmodel_cheytac_ads_rechamber,,
xanim,viewmodel_cheytac_ads_up,,
xanim,viewmodel_cheytac_fire,,
xanim,viewmodel_cheytac_idle,,
xanim,viewmodel_cheytac_pullout,,
xanim,viewmodel_cheytac_pullout_quick,,
xanim,viewmodel_cheytac_putaway,,
xanim,viewmodel_cheytac_putaway_quick,,
xanim,viewmodel_cheytac_rechamber,,
xanim,viewmodel_cheytac_reload,,
xanim,viewmodel_cheytac_reload_empty,,
xanim,viewmodel_cheytac_sprint_in,,
xanim,viewmodel_cheytac_sprint_loop,,
xanim,viewmodel_cheytac_sprint_out,,
xanim,viewmodel_dsr50_acog_ads_down,,
xanim,viewmodel_dsr50_acog_ads_up,,
xanim,viewmodel_dsr50_ads_down,,
xanim,viewmodel_dsr50_ads_fire,,
xanim,viewmodel_dsr50_ads_rechamber,,
xanim,viewmodel_dsr50_ads_up,,
xanim,viewmodel_dsr50_fire,,
xanim,viewmodel_dsr50_first_raise,,
xanim,viewmodel_dsr50_idle,,
xanim,viewmodel_dsr50_pullout,,
xanim,viewmodel_dsr50_pullout_quick,,
xanim,viewmodel_dsr50_putaway,,
xanim,viewmodel_dsr50_putaway_quick,,
xanim,viewmodel_dsr50_rechamber,,
xanim,viewmodel_dsr50_reload,,
xanim,viewmodel_dsr50_reload_empty,,
xanim,viewmodel_dsr50_sprint_in,,
xanim,viewmodel_dsr50_sprint_loop,,
xanim,viewmodel_dsr50_sprint_out,,
xanim,viewmodel_l96a1_ads_down,,
xanim,viewmodel_l96a1_ads_down_fixed,,
xanim,viewmodel_l96a1_ads_fire,,
xanim,viewmodel_l96a1_ads_rechamber,,
xanim,viewmodel_l96a1_ads_up,,
xanim,viewmodel_l96a1_ads_up_fixed,,
xanim,viewmodel_l96a1_fire,,
xanim,viewmodel_l96a1_first_raise,,
xanim,viewmodel_l96a1_idle,,
xanim,viewmodel_l96a1_idle_loop,,
xanim,viewmodel_l96a1_pullout,,
xanim,viewmodel_l96a1_pullout_quick,,
xanim,viewmodel_l96a1_putaway,,
xanim,viewmodel_l96a1_putaway_quick,,
xanim,viewmodel_l96a1_rechamber,,
xanim,viewmodel_l96a1_reload,,
xanim,viewmodel_l96a1_reload_empty,,
xanim,viewmodel_l96a1_sprint_in,,
xanim,viewmodel_l96a1_sprint_loop,,
xanim,viewmodel_l96a1_sprint_out,,
xanim,viewmodel_m249_ads_down,,
xanim,viewmodel_m249_ads_up,,
xanim,viewmodel_m249_fire,,
xanim,viewmodel_m249_fire_ads,,
xanim,viewmodel_m249_idle,,
xanim,viewmodel_m249_pullout,,
xanim,viewmodel_m249_pullout_empty,,
xanim,viewmodel_m249_putaway,,
xanim,viewmodel_m249_reload,,
xanim,viewmodel_m249_reload_empty,,
xanim,viewmodel_m249_sprint_in,,
xanim,viewmodel_m249_sprint_loop,,
xanim,viewmodel_m249_sprint_out,,
xanim,viewmodel_M4silencer_quick_pullout,,
xanim,viewmodel_M4silencer_quick_putaway,,
xanim,viewmodel_M4_fire,,
xanim,viewmodel_M4_fire_ads,,
xanim,viewmodel_m4_first_time_pullout,,
xanim,viewmodel_M4_idle,,
xanim,viewmodel_M4_iron_ADS_down,,
xanim,viewmodel_M4_iron_ADS_up,,
xanim,viewmodel_M4_pullout,,
xanim,viewmodel_M4_putaway,,
xanim,viewmodel_M4_reload,,
xanim,viewmodel_M4_reload_empty,,
xanim,viewmodel_M4_sprint_in,,
xanim,viewmodel_M4_sprint_loop,,
xanim,viewmodel_M4_sprint_out,,
xanim,viewmodel_model1887_ads_down,,
xanim,viewmodel_model1887_ads_fire,,
xanim,viewmodel_model1887_ads_rechamber,,
xanim,viewmodel_model1887_ads_up,,
xanim,viewmodel_model1887_fire,,
xanim,viewmodel_model1887_first_time_pullout,,
xanim,viewmodel_model1887_idle,,
xanim,viewmodel_model1887_pullout,,
xanim,viewmodel_model1887_putaway,,
xanim,viewmodel_model1887_rechamber,,
xanim,viewmodel_model1887_reload_end,,
xanim,viewmodel_model1887_reload_loop,,
xanim,viewmodel_model1887_reload_start,,
xanim,viewmodel_model1887_sprint_in,,
xanim,viewmodel_model1887_sprint_loop,,
xanim,viewmodel_model1887_sprint_out,,
xanim,viewmodel_msr_acog_ads_down,,
xanim,viewmodel_msr_acog_ads_up,,
xanim,viewmodel_msr_ads_down,,
xanim,viewmodel_msr_ads_up,,
xanim,viewmodel_msr_fire,,
xanim,viewmodel_msr_idle,,
xanim,viewmodel_msr_pullout,,
xanim,viewmodel_msr_pullout_quick,,
xanim,viewmodel_msr_putaway,,
xanim,viewmodel_msr_putaway_quick,,
xanim,viewmodel_msr_rechamber,,
xanim,viewmodel_msr_rechamber_ads,,
xanim,viewmodel_msr_reload,,
xanim,viewmodel_msr_reload_empty,,
xanim,viewmodel_msr_sprint_in,,
xanim,viewmodel_msr_sprint_loop,,
xanim,viewmodel_msr_sprint_out,,
xanim,viewmodel_mwr_ak74u_acog_ads_down,,
xanim,viewmodel_mwr_ak74u_acog_ads_fire,,
xanim,viewmodel_mwr_ak74u_acog_ads_up,,
xanim,viewmodel_mwr_ak74u_ads_down,,
xanim,viewmodel_mwr_ak74u_ads_fire,,
xanim,viewmodel_mwr_ak74u_ads_up,,
xanim,viewmodel_mwr_ak74u_fire,,
xanim,viewmodel_mwr_ak74u_idle,,
xanim,viewmodel_mwr_ak74u_inspect,,
xanim,viewmodel_mwr_ak74u_pullout,,
xanim,viewmodel_mwr_ak74u_pullout_first,,
xanim,viewmodel_mwr_ak74u_pullout_quick,,
xanim,viewmodel_mwr_ak74u_putaway,,
xanim,viewmodel_mwr_ak74u_putaway_quick,,
xanim,viewmodel_mwr_ak74u_reflex_ads_down,,
xanim,viewmodel_mwr_ak74u_reflex_ads_up,,
xanim,viewmodel_mwr_ak74u_reload,,
xanim,viewmodel_mwr_ak74u_reload_empty,,
xanim,viewmodel_mwr_ak74u_sprint_in,,
xanim,viewmodel_mwr_ak74u_sprint_loop,,
xanim,viewmodel_mwr_ak74u_sprint_out,,
xanim,viewmodel_mwr_m40a3_ads_down,,
xanim,viewmodel_mwr_m40a3_ads_up,,
xanim,viewmodel_mwr_m40a3_fire,,
xanim,viewmodel_mwr_m40a3_idle,,
xanim,viewmodel_mwr_m40a3_inspect,,
xanim,viewmodel_mwr_m40a3_pullout,,
xanim,viewmodel_mwr_m40a3_pullout_quick,,
xanim,viewmodel_mwr_m40a3_putaway,,
xanim,viewmodel_mwr_m40a3_putaway_quick,,
xanim,viewmodel_mwr_m40a3_rechamber,,
xanim,viewmodel_mwr_m40a3_reload_in,,
xanim,viewmodel_mwr_m40a3_reload_loop,,
xanim,viewmodel_mwr_m40a3_reload_out,,
xanim,viewmodel_mwr_m40a3_sprint_in,,
xanim,viewmodel_mwr_m40a3_sprint_loop,,
xanim,viewmodel_mwr_m40a3_sprint_out,,
xanim,viewmodel_mwr_r700_ads_down,,
xanim,viewmodel_mwr_r700_ads_fire,,
xanim,viewmodel_mwr_r700_ads_rechamber,,
xanim,viewmodel_mwr_r700_ads_up,,
xanim,viewmodel_mwr_r700_fire,,
xanim,viewmodel_mwr_r700_idle,,
xanim,viewmodel_mwr_r700_inspect,,
xanim,viewmodel_mwr_r700_pullout,,
xanim,viewmodel_mwr_r700_pullout_quick,,
xanim,viewmodel_mwr_r700_putaway,,
xanim,viewmodel_mwr_r700_putaway_quick,,
xanim,viewmodel_mwr_r700_rechamber,,
xanim,viewmodel_mwr_r700_reload_in,,
xanim,viewmodel_mwr_r700_reload_loop,,
xanim,viewmodel_mwr_r700_reload_out,,
xanim,viewmodel_mwr_r700_sprint_in,,
xanim,viewmodel_mwr_r700_sprint_loop,,
xanim,viewmodel_mwr_r700_sprint_out,,
xanim,viewmodel_winchester_ADS_down,,
xanim,viewmodel_winchester_ADS_up,,
xanim,viewmodel_winchester_fire,,
xanim,viewmodel_winchester_fire_ads,,
xanim,viewmodel_winchester_idle,,
xanim,viewmodel_winchester_pullout,,
xanim,viewmodel_winchester_pullout_quick,,
xanim,viewmodel_winchester_putaway,,
xanim,viewmodel_winchester_putaway_quick,,
xanim,viewmodel_winchester_rechamber,,
xanim,viewmodel_winchester_reload_end,,
xanim,viewmodel_winchester_reload_intro,,
xanim,viewmodel_winchester_reload_loop,,
xanim,viewmodel_winchester_sprint_in,,
xanim,viewmodel_winchester_sprint_loop,,
xanim,viewmodel_winchester_sprint_out,,
xanim,vm_mw2019_kilo433_ads_down,,
xanim,vm_mw2019_kilo433_ads_fire,,
xanim,vm_mw2019_kilo433_ads_up,,
xanim,vm_mw2019_kilo433_fire,,
xanim,vm_mw2019_kilo433_idle,,
xanim,vm_mw2019_kilo433_pullout,,
xanim,vm_mw2019_kilo433_pullout_first,,
xanim,vm_mw2019_kilo433_pullout_quick,,
xanim,vm_mw2019_kilo433_putaway,,
xanim,vm_mw2019_kilo433_putaway_quick,,
xanim,vm_mw2019_kilo433_reload,,
xanim,vm_mw2019_kilo433_reload_empty,,
xanim,vm_mw2019_kilo433_sprint_in,,
xanim,vm_mw2019_kilo433_sprint_loop,,
xanim,vm_mw2019_kilo433_sprint_out,,
xmodel,body_complete_mp_al_asad,,
xmodel,body_complete_mp_price_woodland,,
xmodel,body_complete_mp_russian_farmer,,
xmodel,body_complete_mp_velinda_desert,,
xmodel,body_complete_mp_velinda_woodland,,
xmodel,body_complete_mp_zakhaev,,
xmodel,body_mp_opforce_sniper,,
xmodel,body_mp_opforce_sniper_urban,,
xmodel,cheytac_vm,,
xmodel,cheytac_wm,,
xmodel,fx_money_susel,,
xmodel,gmz_ak74u_mp,,
xmodel,gmz_desert_eagle_mp,,
xmodel,gmz_m40a3_mp,,
xmodel,gmz_remington700_mp,,
xmodel,head_mp_opforce_ghillie,,
xmodel,head_mp_opforce_justin,,
xmodel,head_mp_usmc_pasdgt_covered,,
xmodel,l96a1_gold_vm,,
xmodel,l96a1_gold_wm,,
xmodel,l96a1_vm,,
xmodel,l96a1_wm,,
xmodel,mw2_barret_view,,
xmodel,mw2_barret_world,,
xmodel,mwrak47,,
xmodel,mwrm4,,
xmodel,mwrm40a3,,
xmodel,mwrr700,,
xmodel,mwrsaw,,
xmodel,mwrw1200,,
xmodel,t5_weapon_l96a1_viewmodel,,
xmodel,t5_weapon_l96a1_world,,
xmodel,viewhands_marine_sniper,,
xmodel,viewmodel_bo2_dsr50,,
xmodel,viewmodel_bo2_knife,,
xmodel,viewmodel_m40a3_new,,
xmodel,viewmodel_model_1887,,
xmodel,viewmodel_msr,,
xmodel,viewmodel_mw2019_kilo433,,
xmodel,viewmodel_mwr_ak74u_mp,,
xmodel,viewmodel_mwr_ak74u_mp_bluetiger,,
xmodel,viewmodel_mwr_ak74u_mp_desert,,
xmodel,viewmodel_mwr_ak74u_mp_digital,,
xmodel,viewmodel_mwr_ak74u_mp_redtiger,,
xmodel,viewmodel_mwr_ak74u_mp_whiteout,,
xmodel,viewmodel_mwr_ak74u_mp_woodland,,
xmodel,viewmodel_mwr_ak74u_whiteout_mp,,
xmodel,viewmodel_mwr_m40a3_asn_mp,,
xmodel,viewmodel_mwr_m40a3_mp,,
xmodel,viewmodel_mwr_r700_mp,,
xmodel,viewmodel_susel,,
xmodel,vmmwrm4,,
xmodel,vmmwrsaw,,
xmodel,vmmwrw1200,,
xmodel,vmwrak47,,
xmodel,vm_mw3_as50,,
xmodel,weapon_m40a3_new,,
xmodel,weapon_model_1887,,
xmodel,weapon_msr,,
xmodel,weapon_mw2019_kilo433,,
xmodel,weapon_mwr_ak74u_acog_mp,,
xmodel,weapon_mwr_ak74u_acog_mp_whiteout,,
xmodel,weapon_mwr_ak74u_mp,,
xmodel,weapon_mwr_ak74u_mp_whiteout,,
xmodel,weapon_mwr_ak74u_reflex_mp,,
xmodel,weapon_mwr_ak74u_reflex_mp_whiteout,,
xmodel,weapon_mwr_ak74u_silenced_mp,,
xmodel,weapon_mwr_ak74u_silenced_mp_whiteout,,
xmodel,weapon_mwr_m40a3_asn_mp,,
xmodel,weapon_mwr_m40a3_mp,,
xmodel,weapon_mwr_r700_mp,,
xmodel,wm_mw3_as50,,
xmodel,worldmodel_bo2_dsr50,,
xmodel,worldmodel_bo2_knife,,
material,cheytac_cac,,
material,fx_maney,,
material,gmz_mat_ak74u,,
material,gmz_mat_ak74u_misc_nocamo,,
material,gmz_mat_desert_eagle_silver,,
material,gmz_mat_m40a3,,
material,gmz_mat_m40a3_scope,,
material,gmz_mat_remington700,,
material,hud_dsr50,,
material,hud_icon_cheytac,,
material,hud_icon_model1887,,
material,hud_l96a1,,
material,models_0000,,
material,models_0008,,
material,models_0009,,
material,models_0010,,
material,models_0011,,
material,models_0201,,
material,models_0202,,
material,models_0203,,
material,models_0204,,
material,models_0205,,
material,models_0206,,
material,models_0207,,
material,models_0208,,
material,models_0209,,
material,models_0210,,
material,models_0211,,
material,models_0212,,
material,models_0301,,
material,models_0302,,
material,models_0303,,
material,models_0304,,
material,models_0305,,
material,models_0401,,
material,models_0402,,
material,models_0403,,
material,models_0404,,
material,models_0405,,
material,models_0501,,
material,models_0502,,
material,models_0503,,
material,models_0504,,
material,models_0505,,
material,models_0601,,
material,models_0602,,
material,models_0603,,
material,models_0604,,
material,models_0705,,
material,mtl_attach_h1_basic_rail_short,,
material,mtl_attach_optic_acog,,
material,mtl_attach_optic_acog_crosshair,,
material,mtl_attach_optic_acog_lens,,
material,mtl_attach_optic_acog_reticle,,
material,mtl_attach_optic_acog_shade,,
material,mtl_attach_optic_scope_inside,,
material,mtl_bo2_knife,,
material,mtl_camo_gold,,
material,mtl_clan_tag,,
material,mtl_cobra_pilot_desert_body_sp,,
material,mtl_cobra_pilot_velinda_eyelash_sp,,
material,mtl_cobra_pilot_woodland_velinda_sp,,
material,mtl_eye_highlight,,
material,mtl_l96a1_gold,,
material,mtl_mw2019_kilo433_barrel,,
material,mtl_mw2019_kilo433_body,,
material,mtl_mw2019_kilo433_grip,,
material,mtl_mw2019_kilo433_mag,,
material,mtl_mw2019_kilo433_sights,,
material,mtl_mw2019_kilo433_stock,,
material,mtl_mw2019_kilo433_stockadapter,,
material,mtl_mw2019_kilo433_v2_frontend,,
material,mtl_mwr_ak47_mount,,
material,mtl_mwr_ak74u_grip,,
material,mtl_mwr_ak74u_grip_bluetiger,,
material,mtl_mwr_ak74u_grip_desert,,
material,mtl_mwr_ak74u_grip_digital,,
material,mtl_mwr_ak74u_grip_redtiger,,
material,mtl_mwr_ak74u_grip_woodland,,
material,mtl_mwr_ak74u_handguard,,
material,mtl_mwr_ak74u_handguard_bluetiger,,
material,mtl_mwr_ak74u_handguard_desert,,
material,mtl_mwr_ak74u_handguard_digital,,
material,mtl_mwr_ak74u_handguard_redtiger,,
material,mtl_mwr_ak74u_handguard_woodland,,
material,mtl_mwr_ak74u_mag,,
material,mtl_mwr_ak74u_receiver,,
material,mtl_mwr_ak74u_receiver_bluetiger,,
material,mtl_mwr_ak74u_receiver_desert,,
material,mtl_mwr_ak74u_receiver_digital,,
material,mtl_mwr_ak74u_receiver_redtiger,,
material,mtl_mwr_ak74u_receiver_woodland,,
material,mtl_mwr_ak74u_sights,,
material,mtl_mwr_ak74u_sights_bluetiger,,
material,mtl_mwr_ak74u_sights_desert,,
material,mtl_mwr_ak74u_sights_digital,,
material,mtl_mwr_ak74u_sights_redtiger,,
material,mtl_mwr_ak74u_sights_woodland,,
material,mtl_mwr_ak74u_stock,,
material,mtl_mwr_ak74u_stock_bluetiger,,
material,mtl_mwr_ak74u_stock_desert,,
material,mtl_mwr_ak74u_stock_digital,,
material,mtl_mwr_ak74u_stock_redtiger,,
material,mtl_mwr_ak74u_stock_woodland,,
material,mtl_mwr_ak74u_whiteout_grip,,
material,mtl_mwr_ak74u_whiteout_handguard,,
material,mtl_mwr_ak74u_whiteout_mag,,
material,mtl_mwr_ak74u_whiteout_receiver,,
material,mtl_mwr_ak74u_whiteout_stock,,
material,mtl_mwr_attach_acog,,
material,mtl_mwr_attach_acog_fiber,,
material,mtl_mwr_attach_reflex,,
material,mtl_mwr_attach_silencer_ru,,
material,mtl_mwr_hud_ak74u,,
material,mtl_mwr_hud_ak74u_acog,,
material,mtl_mwr_hud_ak74u_reflex,,
material,mtl_mwr_hud_ak74u_silencer,,
material,mtl_mwr_m40a3_asn_receiver,,
material,mtl_mwr_m40a3_asn_scope,,
material,mtl_mwr_m40a3_asn_stock,,
material,mtl_mwr_m40a3_receiver,,
material,mtl_mwr_m40a3_scope,,
material,mtl_mwr_m40a3_stock,,
material,mtl_mwr_r700_receiver,,
material,mtl_mwr_r700_scope,,
material,mtl_mwr_r700_stock,,
material,mtl_player_icon,,
material,mtl_sniper_dsr50,,
material,mtl_sniper_dsr50_scope,,
material,mtl_sniper_dsr50_scope_lens,,
material,mtl_sniper_silencer,,
material,mtl_sniper_silencer1,,
material,mtl_t5_weapon_l96a1,,
material,mtl_t5_weapon_l96a1_gold,,
material,mtl_t5_weapon_l96a1_plastic,,
material,mtl_t5_weapon_l96a1_scope,,
material,mtl_t5_weapon_longscope_lens,,
material,mtl_t5_weapon_rail_n_bracket,,
material,mtl_t5_weapon_scope_anpvs,,
material,mtl_t5_weapon_scope_nsp3a_lens_unlit,,
material,mtl_t5_weapon_scope_susat,,
material,mtl_tritium_red_glo,,
material,mtl_tritium_red_txt,,
material,mtl_weapon_acog_2,,
material,mtl_weapon_acog_2_lens,,
material,mtl_weapon_acog_2_lens_world,,
material,mtl_weapon_acog_2_reticle,,
material,mtl_weapon_acog_2_reticle_base,,
material,mtl_weapon_acog_lens2,,
material,mtl_weapon_cheytac,,
material,mtl_weapon_laser_point,,
material,mtl_weapon_model_1887_metal,,
material,mtl_weapon_model_1887_wood,,
material,mtl_weapon_scope01,,
material,mtl_weapon_scope01_rubber,,
material,mtl_weapon_scope_acog_lens,,
material,mtl_weapon_scope_redfield,,
material,mtl_weapon_scope_redfield_lens_interior,,
material,mtl_weapon_scope_redfield_lens_interior2,,
material,mtl_weapon_scope_redfield_lens_world,,
material,mtl_weapon_scope_redfield_world,,
material,mtl_weapon_suppressor,,
material,mtl_wpn_h1_asl_ak47_grip_base,,
material,mtl_wpn_h1_asl_ak47_handguard_base,,
material,mtl_wpn_h1_asl_ak47_mag_camo,,
material,mtl_wpn_h1_asl_ak47_optic_mount_camo,,
material,mtl_wpn_h1_asl_ak47_receiver_camo,,
material,mtl_wpn_h1_asl_ak47_sights_camo,,
material,mtl_wpn_h1_asl_ak47_stock_base,,
material,mtl_wpn_h1_asl_m4a1_gas_block,,
material,mtl_wpn_h1_asl_m4a1_grip_camo,,
material,mtl_wpn_h1_asl_m4a1_handguard_camo,,
material,mtl_wpn_h1_asl_m4a1_rail_guard_base,,
material,mtl_wpn_h1_asl_m4a1_receiver_base_camo,,
material,mtl_wpn_h1_asl_m4a1_sights_camo,,
material,mtl_wpn_h1_asl_m4a1_stock_camo,,
material,mtl_wpn_h1_asl_m4a1_vert_grip_base,,
material,mtl_wpn_h1_lmg_m249_grip_camo,,
material,mtl_wpn_h1_lmg_m249_mag_base,,
material,mtl_wpn_h1_lmg_m249_receiver_camo,,
material,mtl_wpn_h1_lmg_m249_sights_camo,,
material,mtl_wpn_h1_sgn_m1014_foregrip,,
material,mtl_wpn_h1_sgn_w1200_forend_camo,,
material,mtl_wpn_h1_sgn_w1200_receiver_camo,,
material,mtl_wpn_h1_sgn_w1200_sights_camo,,
material,mtl_wpn_h1_sgn_w1200_stock_camo,,
material,mtl_wpn_h1_shared_round_556,,
material,mtl_wpn_h1_sni_m21_bipod,,
material,mtl_wpn_h1_sni_m40a3_receiver_camo,,
material,mtl_wpn_h1_sni_m40a3_scope,,
material,mtl_wpn_h1_sni_m40a3_stock_camo,,
material,mtl_wpn_h1_sni_r700_receiver_camo,,
material,mtl_wpn_h1_sni_r700_scope_camo,,
material,mtl_wpn_h1_sni_r700_stock_camo,,
material,mtl_wpn_h1_sticker_placeholder,,
material,mw2_mtl_weapon_acog_2,,
material,mw2_mtl_weapon_acog_2_lens,,
material,mw2_mtl_weapon_acog_2_reticle,,
material,mw2_mtl_weapon_acog_2_reticle_base,,
material,mw2_mtl_weapon_m82,,
material,mw2_mtl_weapon_suppressor_b,,
material,mw2_mtl_weapon_wa2000_scope,,
material,mw3_mtl_weapon_as50,,
material,mw3_mtl_weapon_as50_scope,,
material,mw3_mtl_weapon_mg_bullet,,
material,mw3_mtl_weapon_remington_msr,,
material,mw3_mtl_weapon_remington_msr_bipod,,
material,mw3_mtl_weapon_remington_msr_scope,,
material,mw3_mtl_weapon_scope_lens,,
material,mw3_mtl_weapon_suppressor_b,,
material,mw3_mtl_weapon_thermal_scope_iw5,,
material,mw3_mtl_weapon_thermal_scope_iw5_lens,,
material,mw3_mtl_weapon_thermal_scope_screen,,
material,noshki,,
material,scope,,
material,scope_overlay_l96a1,,
material,scope_overlay_mw3_thermal,,
material,vm_sh_dpapa12_shell,,
material,weapon_cheytac,,
material,weapon_dsr50,,
material,weapon_l96a1,,
material,wm_laser01_glass,,
material,wm_lm_pkilo_sidegrip,,
rawfile,maps/mp/gametypes/dm.gsc,,
rawfile,maps/mp/gametypes/dom.gsc,,
rawfile,maps/mp/gametypes/inspect.gsc,,
rawfile,maps/mp/gametypes/sab.gsc,,
rawfile,maps/mp/gametypes/sd.gsc,,
rawfile,maps/mp/gametypes/war.gsc,,
rawfile,maps/mp/gametypes/_addOns.gsc,,
rawfile,maps/mp/gametypes/_attachmodel.gsc,,
rawfile,maps/mp/gametypes/_bots.gsc,,
rawfile,maps/mp/gametypes/_changemodel.gsc,,
rawfile,maps/mp/gametypes/_class.gsc,,
rawfile,maps/mp/gametypes/_createmenu.gsc,,
rawfile,maps/mp/gametypes/_deathicons.gsc,,
rawfile,maps/mp/gametypes/_finalkillcam.gsc,,
rawfile,maps/mp/gametypes/_globallogic.gsc,,
rawfile,maps/mp/gametypes/_hardpoints.gsc,,
rawfile,maps/mp/gametypes/_killcam.gsc,,
rawfile,maps/mp/gametypes/_menufunc.gsc,,
rawfile,maps/mp/gametypes/_menus.gsc,,
rawfile,maps/mp/gametypes/_perplayer.gsc,,
rawfile,maps/mp/gametypes/_rank.gsc,,
rawfile,maps/mp/gametypes/_teams.gsc,,
rawfile,maps/mp/gametypes/_weapons.gsc,,
menufile,ui_mp/cac_models.inc,,
menufile,ui_mp/main.menu,,
menufile,ui_mp/scriptmenus,,
menufile,ui_mp/scriptmenus/changemodel.menu,,
menufile,ui_mp/scriptmenus/changemodel_allies_desert.menu,,
menufile,ui_mp/scriptmenus/changemodel_allies_urban.menu,,
menufile,ui_mp/scriptmenus/changemodel_allies_woodland.menu,,
menufile,ui_mp/scriptmenus/changemodel_axis_desert.menu,,
menufile,ui_mp/scriptmenus/changemodel_axis_urban.menu,,
menufile,ui_mp/scriptmenus/changemodel_marines.menu,,
menufile,ui_mp/scriptmenus/changemodel_woodland.menu,,
menufile,ui_mp/scriptmenus/class.menu,,
menufile,ui_mp/scriptmenus/weapons.menu,,
rawfile,maps/ac130.gsc,,
rawfile,maps/aftermath.gsc,,
rawfile,maps/aftermath_fx.gsc,,
rawfile,maps/airlift.gsc,,
rawfile,maps/airlift_fx.gsc,,
rawfile,maps/airplane.gsc,,
rawfile,maps/airplane_fx.gsc,,
rawfile,maps/ambush.gsc,,
rawfile,maps/ambush_fx.gsc,,
rawfile,maps/armada.gsc,,
rawfile,maps/armada_fx.gsc,,
rawfile,maps/blackout.gsc,,
rawfile,maps/blackout_fx.gsc,,
rawfile,maps/bog_a.gsc,,
rawfile,maps/bog_a_fx.gsc,,
rawfile,maps/bog_b.gsc,,
rawfile,maps/bog_b_fx.gsc,,
rawfile,maps/cargoship.gsc,,
rawfile,maps/cargoship_fx.gsc,,
rawfile,maps/coup.gsc,,
rawfile,maps/coup_fx.gsc,,
rawfile,maps/hunted.gsc,,
rawfile,maps/hunted_fx.gsc,,
rawfile,maps/icbm.gsc,,
rawfile,maps/icbm_fx.gsc,,
rawfile,maps/jeepride.gsc,,
rawfile,maps/jeepride_fx.gsc,,
rawfile,maps/killhouse.gsc,,
rawfile,maps/killhouse_fx.gsc,,
rawfile,maps/launchfacility_a.gsc,,
rawfile,maps/launchfacility_a_fx.gsc,,
rawfile,maps/launchfacility_b.gsc,,
rawfile,maps/launchfacility_b_fx.gsc,,
rawfile,maps/scoutsniper.gsc,,
rawfile,maps/scoutsniper_fx.gsc,,
rawfile,maps/sniperescape.gsc,,
rawfile,maps/sniperescape_fx.gsc,,
rawfile,maps/village_assault.gsc,,
rawfile,maps/village_assault_fx.gsc,,
rawfile,maps/village_defend.gsc,,
rawfile,maps/village_defend_fx.gsc,,
rawfile,mapents/ac130.ents,,
rawfile,mapents/aftermath.ents,,
rawfile,mapents/airlift.ents,,
rawfile,mapents/airplane.ents,,
rawfile,mapents/ambush.ents,,
rawfile,mapents/armada.ents,,
rawfile,mapents/blackout.ents,,
rawfile,mapents/bog_a.ents,,
rawfile,mapents/bog_b.ents,,
rawfile,mapents/cargoship.ents,,
rawfile,mapents/coup.ents,,
rawfile,mapents/hunted.ents,,
rawfile,mapents/icbm.ents,,
rawfile,mapents/jeepride.ents,,
rawfile,mapents/killhouse.ents,,
rawfile,mapents/launchfacility_a.ents,,
rawfile,mapents/launchfacility_b.ents,,
rawfile,mapents/scoutsniper.ents,,
rawfile,mapents/sniperescape.ents,,
rawfile,mapents/village_assault.ents,,
rawfile,mapents/village_defend.ents,,
rawfile,maps/createfx/aftermath_fx.gsc,,
rawfile,maps/createfx/airlift_fx.gsc,,
rawfile,maps/createfx/airplane_fx.gsc,,
rawfile,maps/createfx/ambush_fx.gsc,,
rawfile,maps/createfx/armada_fx.gsc,,
rawfile,maps/createfx/blackout_fx.gsc,,
rawfile,maps/createfx/bog_a_fx.gsc,,
rawfile,maps/createfx/bog_b_fx.gsc,,
rawfile,maps/createfx/cargoship_fx.gsc,,
rawfile,maps/createfx/coup_fx.gsc,,
rawfile,maps/createfx/hunted_fx.gsc,,
rawfile,maps/createfx/icbm_fx.gsc,,
rawfile,maps/createfx/jeepride_fx.gsc,,
rawfile,maps/createfx/killhouse_fx.gsc,,
rawfile,maps/createfx/launchfacility_a_fx.gsc,,
rawfile,maps/createfx/launchfacility_b_fx.gsc,,
rawfile,maps/createfx/scoutsniper_fx.gsc,,
rawfile,maps/createfx/sniperescape_fx.gsc,,
rawfile,maps/createfx/village_assault_fx.gsc,,
rawfile,maps/createfx/village_defend_fx.gsc,,
character,character_mp_arab_regular_al_asad,,
character,character_mp_arab_regular_farmer,,
character,character_mp_arab_regular_zakhaev,,
character,character_mp_opforce_al_asad,,
character,character_mp_opforce_farmer,,
character,character_mp_opforce_ghillie,,
character,character_mp_opforce_urban_al_asad,,
character,character_mp_opforce_urban_farmer,,
character,character_mp_opforce_urban_ghillie,,
character,character_mp_opforce_urban_urbansniper,,
character,character_mp_opforce_urban_zakhaev,,
character,character_mp_opforce_zakhaev,,
character,character_mp_sas_urban_price,,
character,character_mp_usmc_velinda,,
character,character_mp_usmc_woodland_price,,
character,character_mp_usmc_woodland_velinda,,
character,character_mp_usmc_zack,,
rawfile,character\character_mp_arab_regular_al_asad.gsc,,
rawfile,character\character_mp_arab_regular_farmer.gsc,,
rawfile,character\character_mp_arab_regular_zakhaev.gsc,,
rawfile,character\character_mp_opforce_al_asad.gsc,,
rawfile,character\character_mp_opforce_farmer.gsc,,
rawfile,character\character_mp_opforce_ghillie.gsc,,
rawfile,character\character_mp_opforce_urban_al_asad.gsc,,
rawfile,character\character_mp_opforce_urban_farmer.gsc,,
rawfile,character\character_mp_opforce_urban_ghillie.gsc,,
rawfile,character\character_mp_opforce_urban_urbansniper.gsc,,
rawfile,character\character_mp_opforce_urban_zakhaev.gsc,,
rawfile,character\character_mp_opforce_zakhaev.gsc,,
rawfile,character\character_mp_sas_urban_price.gsc,,
rawfile,character\character_mp_usmc_velinda.gsc,,
rawfile,character\character_mp_usmc_woodland_price.gsc,,
rawfile,character\character_mp_usmc_woodland_velinda.gsc,,
rawfile,character\character_mp_usmc_zack.gsc,,
rawfile,svr/PeZBOT.gsc,,
rawfile,mptype/mptype_ally_cqb.gsc,,
rawfile,mptype/mptype_ally_engineer.gsc,,
rawfile,mptype/mptype_ally_grenadier.gsc,,
rawfile,mptype/mptype_ally_rifleman.gsc,,
rawfile,mptype/mptype_ally_sniper.gsc,,
rawfile,mptype/mptype_ally_support.gsc,,
rawfile,mptype/mptype_ally_urban_assault.gsc,,
rawfile,mptype/mptype_ally_urban_price.csv,,
rawfile,mptype/mptype_ally_urban_price.gsc,,
rawfile,mptype/mptype_ally_urban_recon.gsc,,
rawfile,mptype/mptype_ally_urban_sniper.gsc,,
rawfile,mptype/mptype_ally_urban_specops.gsc,,
rawfile,mptype/mptype_ally_urban_support.gsc,,
rawfile,mptype/mptype_ally_urban_velinda.csv,,
rawfile,mptype/mptype_ally_urban_velinda.gsc,,
rawfile,mptype/mptype_ally_velinda.csv,,
rawfile,mptype/mptype_ally_velinda.gsc,,
rawfile,mptype/mptype_ally_woodland_assault.gsc,,
rawfile,mptype/mptype_ally_woodland_price.gsc,,
rawfile,mptype/mptype_ally_woodland_recon.gsc,,
rawfile,mptype/mptype_ally_woodland_sniper.gsc,,
rawfile,mptype/mptype_ally_woodland_specops.gsc,,
rawfile,mptype/mptype_ally_woodland_support.gsc,,
rawfile,mptype/mptype_ally_woodland_velinda.csv,,
rawfile,mptype/mptype_ally_woodland_velinda.gsc,,
rawfile,mptype/mptype_axis_cqb.gsc,,
rawfile,mptype/mptype_axis_engineer.gsc,,
rawfile,mptype/mptype_axis_farmer.csv,,
rawfile,mptype/mptype_axis_farmer.gsc,,
rawfile,mptype/mptype_axis_grenadier.gsc,,
rawfile,mptype/mptype_axis_rifleman.gsc,,
rawfile,mptype/mptype_axis_sniper.gsc,,
rawfile,mptype/mptype_axis_support.gsc,,
rawfile,mptype/mptype_axis_urban_assault.gsc,,
rawfile,mptype/mptype_axis_urban_cqb.gsc,,
rawfile,mptype/mptype_axis_urban_engineer.gsc,,
rawfile,mptype/mptype_axis_urban_sniper.gsc,,
rawfile,mptype/mptype_axis_urban_support.gsc,,
rawfile,mptype/mptype_axis_urban_urbansniper.csv,,
rawfile,mptype/mptype_axis_urban_urbansniper.gsc,,
rawfile,mptype/mptype_axis_woodland_al_asad.csv,,
rawfile,mptype/mptype_axis_woodland_al_asad.gsc,,
rawfile,mptype/mptype_axis_woodland_cqb.gsc,,
rawfile,mptype/mptype_axis_woodland_engineer.gsc,,
rawfile,mptype/mptype_axis_woodland_farmer.csv,,
rawfile,mptype/mptype_axis_woodland_farmer.gsc,,
rawfile,mptype/mptype_axis_woodland_ghillie.csv,,
rawfile,mptype/mptype_axis_woodland_ghillie.gsc,,
rawfile,mptype/mptype_axis_woodland_rifleman.gsc,,
rawfile,mptype/mptype_axis_woodland_sniper.gsc,,
rawfile,mptype/mptype_axis_woodland_support.gsc,,
rawfile,mptype/mptype_axis_woodland_urbansniper.csv,,
rawfile,mptype/mptype_axis_woodland_urbansniper.gsc,,
rawfile,mptype/mptype_axis_woodland_zakhaev.csv,,
rawfile,mptype/mptype_axis_woodland_zakhaev.gsc,,
weapon,mp/ak47_mp_pezbot_stand_walk,,
weapon,mp/ak47_mp_pezbot_stand_run,,
weapon,mp/ak47_mp_pezbot_crouch_walk,,
weapon,mp/ak47_mp_pezbot_climb_up,,
weapon,mp/frag_mp_pezbot_stand_grenade,,
weapon,mp/smoke_mp_pezbot_stand_grenade,,
weapon,mp/flash_mp_pezbot_stand_grenade,,
weapon,mp/concussion_mp_pezbot_stand_grenade,,
weapon,mp/rpg_mp_pezbot_stand_grenade,,
weapon,mp/knife_pezbot_mp,,
stringtable,weapons/mp/PeZBOT_WeaponDefs.csv,,
sound,PeZBOT,,all_mp
sound,battlechatter,,all_mp
localize,debug,,
localize,mpui,,
localize,mp,,
localize,quickmessage,,
fx,impacts/flesh_hit_body_fatal_exit,,
fx,weather/lightning_mp_farm,,
fx,weather/rain_mp_farm,,
fx,weather/snow_light,,
fx,weather/snow_wind,,
sound,promod,,all_mp
sound,dsr50,,all_mp
sound,l96a1,,all_mp
sound,cheytac,,all_mp
sound,1887,,all_mp
weapon,mp/mwr_remington700_mp,,
weapon,mp/1887_mp,,
weapon,mp/cheytac_mp,,
weapon,mp/dsr50_mp,,
weapon,mp/knife_mp,,
weapon,mp/l96a1_mp,,
weapon,mp/mwr_ak74u_mp,,
weapon,mp/mwr_ak74u_reflex_mp,,
weapon,mp/as50_mp,,
weapon,mp/as50_acog_mp,,
weapon,mp/m40a3_2_mp,,
sound,mwr_ak74u,,
weapon,mp/kilo433_mp,,
sound,mw2019_KILO,,all_mp
weapon,mp/mwr_m40a3_mp,,
weapon,mp/msr_mp,,
weapon,mp/msr_acog_mp,,
weapon,mp/deserteagleakimbo_mp,,
weapon,mp/deserteagleakimbosilencer_mp,,
sound,mwr_m40a3,,
sound,msr,,
fx,flash/20mm_metal_impact,,
fx,flash/20mm_tracer,,
fx,flash/saw_flash_wv,,
fx,flash/saw_flash_wv_a,,
fx,flash/saw_flash_wv_b,,
material,mtl_weapon_knife_iw6,,
material,mtl_weapon_knife_iw6_handle,,
material,mtl_weapon_p226,,
material,mtl_weapon_silencer_pistol_angular,,
material,tf_mtl_weapon_p2011,,
material,tf_mtl_weapon_pistol_reticle,,
material,tf_mtl_weapon_sml_cylinder_silencer,,
material,tf_mtl_weapon_sml_square_silencer,,
sound,bf4_57,,all_mp
xanim,iw6_p226_ads_down,,
xanim,iw6_p226_ads_up,,
xanim,vm_J007_P2011akimbo_fire,,
xanim,vm_J007_P2011akimbo_fire_ads,,
xanim,vm_J007_P2011akimbo_fire_last,,
xanim,vm_J007_P2011akimbo_idle,,
xanim,vm_J007_P2011akimbo_idle_mt,,
xanim,vm_J007_P226akimbo_1reload,,
xanim,vm_J007_P226akimbo_drop,,
xanim,vm_J007_P226akimbo_drop_mt,,
xanim,vm_J007_P226akimbo_fire,,
xanim,vm_J007_P226akimbo_fire_ads,,
xanim,vm_J007_P226akimbo_fire_last,,
xanim,vm_J007_P226akimbo_idle,,
xanim,vm_J007_P226akimbo_idle_mt,,
xanim,vm_J007_P226akimbo_melee_R,,
xanim,vm_J007_P226akimbo_raise,,
xanim,vm_J007_P226akimbo_raise_mt,,
xanim,vm_J007_P226akimbo_sprint_in,,
xanim,vm_J007_P226akimbo_sprint_loop,,
xanim,vm_J007_P226akimbo_sprint_out,,
xmodel,ghosts_p226_world,,
xmodel,vm_GKnife,,
xmodel,vm_J007_bullets,,
xmodel,vm_J007_melee_L,,
xmodel,vm_J007_P2011_akimbo,,
xmodel,vm_J007_P2011mod_akimbo,,
xmodel,vm_J007_P226_akimbo,,
xmodel,vm_J007_DEAGLES,,
rawfile,mp/playeranim.script,,
rawfile,mp/playeranimtypes.txt,,
